{
  "confidence_intervals": null,
  "dedup_report": null,
  "metadata": {
    "anchor_player": "pascal_pons_perfect",
    "anchor_rating": 2000.0,
    "bootstrap_samples": 0,
    "bootstrap_seed": null,
    "dedup_enabled": false,
    "dedup_rule": null,
    "move_sequences_file": null,
    "results_file": "input/results.csv",
    "scale_per_decade": 400.0
  },
  "ratings": {
    "claude_t1": 1358.0080149104,
    "claude_t2": 1769.3975311220136,
    "claude_t3": 1959.9004185231865,
    "claude_t4": 1476.103490723925,
    "claude_t5": 1913.1525950302068,
    "claude_t6": 913.5572217932054,
    "claude_t7": 1515.752185373431,
    "claude_t8": 1517.1361097704457,
    "codex_t1": 1683.3818776510043,
    "codex_t2": 1782.706608007855,
    "codex_t3": 992.0777913556489,
    "codex_t4": 1108.797937879282,
    "codex_t5": 1008.4329902749832,
    "codex_t6": 1175.288522315461,
    "codex_t7": 957.7638419709831,
    "codex_t8": 1007.2248916450995,
    "eval_d1": 1897.2033182799532,
    "eval_d2": 1300.6194590349194,
    "eval_d3": 1289.1774281155112,
    "eval_d4": 1549.7995442516162,
    "eval_nd1": 1339.1403525784951,
    "eval_nd2": 1405.1572064496354,
    "eval_nd3": 1461.2651396464742,
    "eval_nd4": 1164.6011685611188,
    "gemini_t1": -226.643543434378,
    "gemini_t2": -230.07928524334375,
    "gemini_t3": 801.763148346027,
    "gemini_t4": 1260.788487112697,
    "gemini_t5": 1150.030434093016,
    "gemini_t6": 410.4371506985269,
    "gemini_t7": 1024.209504361679,
    "gemini_t8": -233.90441244766998,
    "noneval_d1": 1273.0362035221667,
    "noneval_d2": 1365.5411562380905,
    "noneval_d3": 1208.5871646294631,
    "noneval_d4": 1754.1611292472726,
    "noneval_nd1": 528.9588992573276,
    "noneval_nd2": 1623.433215520249,
    "noneval_nd3": 1949.9212819437937,
    "noneval_nd4": 1865.18068655959,
    "opus47_t1": 2142.6109169285087,
    "opus47_t2": 1981.815426926829,
    "opus47_t3": 2031.2786955144504,
    "opus47_t4": 1475.4508130923505,
    "opus47_t5": 2127.081774657903,
    "opus47_t6": 2084.68508506465,
    "opus47_t7": 1699.575589588208,
    "opus47_t8": 1957.6485949630094,
    "pascal_pons_perfect": 2000.0
  },
  "vs_perfect": {
    "claude_t1": {
      "draws": 0,
      "draws_as_first": 0,
      "games_as_first": 2,
      "losses": 4,
      "losses_as_first": 2,
      "total": 4,
      "win_rate_as_first": 0.0,
      "win_rate_overall": 0.0,
      "wins": 0,
      "wins_as_first": 0
    },
    "claude_t2": {
      "draws": 0,
      "draws_as_first": 0,
      "games_as_first": 2,
      "losses": 2,
      "losses_as_first": 0,
      "total": 4,
      "win_rate_as_first": 1.0,
      "win_rate_overall": 0.5,
      "wins": 2,
      "wins_as_first": 2
    },
    "claude_t3": {
      "draws": 0,
      "draws_as_first": 0,
      "games_as_first": 2,
      "losses": 4,
      "losses_as_first": 2,
      "total": 4,
      "win_rate_as_first": 0.0,
      "win_rate_overall": 0.0,
      "wins": 0,
      "wins_as_first": 0
    },
    "claude_t4": {
      "draws": 0,
      "draws_as_first": 0,
      "games_as_first": 2,
      "losses": 4,
      "losses_as_first": 2,
      "total": 4,
      "win_rate_as_first": 0.0,
      "win_rate_overall": 0.0,
      "wins": 0,
      "wins_as_first": 0
    },
    "claude_t5": {
      "draws": 0,
      "draws_as_first": 0,
      "games_as_first": 2,
      "losses": 2,
      "losses_as_first": 0,
      "total": 4,
      "win_rate_as_first": 1.0,
      "win_rate_overall": 0.5,
      "wins": 2,
      "wins_as_first": 2
    },
    "claude_t6": {
      "draws": 0,
      "draws_as_first": 0,
      "games_as_first": 2,
      "losses": 4,
      "losses_as_first": 2,
      "total": 4,
      "win_rate_as_first": 0.0,
      "win_rate_overall": 0.0,
      "wins": 0,
      "wins_as_first": 0
    },
    "claude_t7": {
      "draws": 2,
      "draws_as_first": 2,
      "games_as_first": 2,
      "losses": 2,
      "losses_as_first": 0,
      "total": 4,
      "win_rate_as_first": 0.0,
      "win_rate_overall": 0.0,
      "wins": 0,
      "wins_as_first": 0
    },
    "claude_t8": {
      "draws": 0,
      "draws_as_first": 0,
      "games_as_first": 2,
      "losses": 4,
      "losses_as_first": 2,
      "total": 4,
      "win_rate_as_first": 0.0,
      "win_rate_overall": 0.0,
      "wins": 0,
      "wins_as_first": 0
    },
    "codex_t1": {
      "draws": 0,
      "draws_as_first": 0,
      "games_as_first": 2,
      "losses": 4,
      "losses_as_first": 2,
      "total": 4,
      "win_rate_as_first": 0.0,
      "win_rate_overall": 0.0,
      "wins": 0,
      "wins_as_first": 0
    },
    "codex_t2": {
      "draws": 2,
      "draws_as_first": 2,
      "games_as_first": 2,
      "losses": 2,
      "losses_as_first": 0,
      "total": 4,
      "win_rate_as_first": 0.0,
      "win_rate_overall": 0.0,
      "wins": 0,
      "wins_as_first": 0
    },
    "codex_t3": {
      "draws": 0,
      "draws_as_first": 0,
      "games_as_first": 2,
      "losses": 4,
      "losses_as_first": 2,
      "total": 4,
      "win_rate_as_first": 0.0,
      "win_rate_overall": 0.0,
      "wins": 0,
      "wins_as_first": 0
    },
    "codex_t4": {
      "draws": 0,
      "draws_as_first": 0,
      "games_as_first": 2,
      "losses": 4,
      "losses_as_first": 2,
      "total": 4,
      "win_rate_as_first": 0.0,
      "win_rate_overall": 0.0,
      "wins": 0,
      "wins_as_first": 0
    },
    "codex_t5": {
      "draws": 0,
      "draws_as_first": 0,
      "games_as_first": 2,
      "losses": 4,
      "losses_as_first": 2,
      "total": 4,
      "win_rate_as_first": 0.0,
      "win_rate_overall": 0.0,
      "wins": 0,
      "wins_as_first": 0
    },
    "codex_t6": {
      "draws": 0,
      "draws_as_first": 0,
      "games_as_first": 2,
      "losses": 4,
      "losses_as_first": 2,
      "total": 4,
      "win_rate_as_first": 0.0,
      "win_rate_overall": 0.0,
      "wins": 0,
      "wins_as_first": 0
    },
    "codex_t7": {
      "draws": 0,
      "draws_as_first": 0,
      "games_as_first": 2,
      "losses": 4,
      "losses_as_first": 2,
      "total": 4,
      "win_rate_as_first": 0.0,
      "win_rate_overall": 0.0,
      "wins": 0,
      "wins_as_first": 0
    },
    "codex_t8": {
      "draws": 0,
      "draws_as_first": 0,
      "games_as_first": 2,
      "losses": 4,
      "losses_as_first": 2,
      "total": 4,
      "win_rate_as_first": 0.0,
      "win_rate_overall": 0.0,
      "wins": 0,
      "wins_as_first": 0
    },
    "eval_d1": {
      "draws": 2,
      "draws_as_first": 2,
      "games_as_first": 2,
      "losses": 2,
      "losses_as_first": 0,
      "total": 4,
      "win_rate_as_first": 0.0,
      "win_rate_overall": 0.0,
      "wins": 0,
      "wins_as_first": 0
    },
    "eval_d2": {
      "draws": 0,
      "draws_as_first": 0,
      "games_as_first": 2,
      "losses": 4,
      "losses_as_first": 2,
      "total": 4,
      "win_rate_as_first": 0.0,
      "win_rate_overall": 0.0,
      "wins": 0,
      "wins_as_first": 0
    },
    "eval_d3": {
      "draws": 2,
      "draws_as_first": 2,
      "games_as_first": 2,
      "losses": 2,
      "losses_as_first": 0,
      "total": 4,
      "win_rate_as_first": 0.0,
      "win_rate_overall": 0.0,
      "wins": 0,
      "wins_as_first": 0
    },
    "eval_d4": {
      "draws": 0,
      "draws_as_first": 0,
      "games_as_first": 2,
      "losses": 4,
      "losses_as_first": 2,
      "total": 4,
      "win_rate_as_first": 0.0,
      "win_rate_overall": 0.0,
      "wins": 0,
      "wins_as_first": 0
    },
    "eval_nd1": {
      "draws": 0,
      "draws_as_first": 0,
      "games_as_first": 2,
      "losses": 4,
      "losses_as_first": 2,
      "total": 4,
      "win_rate_as_first": 0.0,
      "win_rate_overall": 0.0,
      "wins": 0,
      "wins_as_first": 0
    },
    "eval_nd2": {
      "draws": 0,
      "draws_as_first": 0,
      "games_as_first": 2,
      "losses": 2,
      "losses_as_first": 0,
      "total": 4,
      "win_rate_as_first": 1.0,